,city_name,city_status,overall_city_health_score,city_status_current_funding,city_expected_funding,airport_asset_status,airport_score,building_asset_status,building_score,road_asset_status,road_score,sewage_asset_status,sewage_score,city_roads_actual_annual_spending,city_roads_cost_differential,city_roads_expected_annual_cost,city_total_sq_footage_asphalt_streets,city_total_sq_footage_concrete_streets,city_total_sq_footage_streets,city_population,city_median_household_income,city_cafr_link,city_budget_link
0,Wareham,0,0,0,0,0,0,0,0,0,0,0,0,0,0,3413875.344,13655501.38,0,13655501.38,0,0,0,0
1,Adams,0,0,0,0,0,0,0,0,0,0,0,0,0,0,1509607.266,6034987.728,28677.792,6063665.52,0,0,0,0
2,Orleans,0,0,0,0,0,0,0,0,0,0,0,0,0,0,1349743.993,5393004.672,49760.832,5442765.504,0,0,0,0
3,Norwell,0,0,0,0,0,0,0,0,0,0,0,0,0,0,1950370.224,7801480.896,0,7801480.896,0,0,0,0
4,Norton,0,0,0,0,0,0,0,0,0,0,0,0,0,0,2702700.924,10810803.7,0,10810803.7,0,0,0,0
5,Northborough,0,0,0,0,0,0,0,0,0,0,0,0,0,0,2223570.888,8894283.552,0,8894283.552,0,0,0,0
6,Medway,0,0,0,0,0,0,0,0,0,0,0,0,0,0,2183021.808,8732087.232,0,8732087.232,0,0,0,0
7,Abington,0,0,0,0,0,0,0,0,0,0,0,0,0,0,2014754.148,8059016.592,0,8059016.592,0,0,0,0
8,Yarmouth,0,0,0,0,0,0,0,0,0,0,0,0,0,0,4167685.764,16670743.06,0,16670743.06,0,0,0,0
9,Hancock,0,0,0,0,0,0,0,0,0,0,0,0,0,0,297167.772,1188671.088,0,1188671.088,0,0,0,0
10,Lawrence,0,0,0,0,0,0,0,0,0,0,0,0,0,0,4986450.348,19941809.71,33264,19975073.71,0,0,0,0
11,Cohasset,0,0,0,0,0,0,0,0,0,0,0,0,0,0,896670.852,3586683.408,0,3586683.408,0,0,0,0
12,Dedham,0,0,0,0,0,0,0,0,0,0,0,0,0,0,2723475.48,10893901.92,0,10893901.92,0,0,0,0
13,Marion,0,0,0,0,0,0,0,0,0,0,0,0,0,0,817875.432,3271501.728,0,3271501.728,0,0,0,0
14,Dracut,0,0,0,0,0,0,0,0,0,0,0,0,0,0,4064934.588,16259738.35,0,16259738.35,0,0,0,0
15,Holbrook,0,0,0,0,0,0,0,0,0,0,0,0,0,0,1176191.148,4704764.592,0,4704764.592,0,0,0,0
16,Canton,0,0,0,0,0,0,0,0,0,0,0,0,0,0,2965771.248,11863084.99,0,11863084.99,0,0,0,0
17,Buckland,0,0,0,0,0,0,0,0,0,0,0,0,0,0,980636.976,3922547.904,0,3922547.904,0,0,0,0
18,Bridgewater,0,0,0,0,0,0,0,0,0,0,0,0,0,0,3462443.688,13849774.75,0,13849774.75,0,0,0,0
19,Harwich,0,0,0,0,0,0,0,0,0,0,0,0,0,0,3957340.068,15829360.27,0,15829360.27,0,0,0,0
20,Holliston,0,0,0,0,0,0,0,0,0,0,0,0,0,0,2681743.68,10726974.72,0,10726974.72,0,0,0,0
21,Lowell,0,0,0,0,0,0,0,0,0,0,0,0,0,0,7155080.761,28582126.85,318301.632,28900428.48,0,0,0,0
22,Hampden,0,0,0,0,0,0,0,0,0,0,0,0,0,0,1608938.892,6435755.568,0,6435755.568,0,0,0,0
23,Colrain,0,0,0,0,0,0,0,0,0,0,0,0,0,0,1456274.292,5825097.168,0,5825097.168,0,0,0,0
24,Chatham,0,0,0,0,0,0,0,0,0,0,0,0,0,0,1730049.948,6920199.792,0,6920199.792,0,0,0,0
25,Longmeadow,0,0,0,0,0,0,0,0,0,0,0,0,0,0,2875781.832,11503127.33,0,11503127.33,0,0,0,0
26,Danvers,0,0,0,0,0,0,0,0,0,0,0,0,0,0,3931089.096,15724356.38,0,15724356.38,0,0,0,0
27,Walpole,0,0,0,0,0,0,0,0,0,0,0,0,0,0,3868381.572,15473526.29,0,15473526.29,0,0,0,0
28,Truro,0,0,0,0,0,0,0,0,0,0,0,0,0,0,974172.804,3896691.216,0,3896691.216,0,0,0,0
29,Salisbury,0,0,0,0,0,0,0,0,0,0,0,0,0,0,1097335.8,4389343.2,0,4389343.2,0,0,0,0
30,Wellesley,0,0,0,0,0,0,0,0,0,0,0,0,0,0,3465501.864,13862007.46,0,13862007.46,0,0,0,0
31,Rochester,0,0,0,0,0,0,0,0,0,0,0,0,0,0,1835684.136,7342736.544,0,7342736.544,0,0,0,0
32,Richmond,0,0,0,0,0,0,0,0,0,0,0,0,0,0,974674.8,3898699.2,0,3898699.2,0,0,0,0
33,Webster,0,0,0,0,0,0,0,0,0,0,0,0,0,0,2632425.18,10529700.72,0,10529700.72,0,0,0,0
34,Revere,0,0,0,0,0,0,0,0,0,0,0,0,0,0,2982242.472,11928969.89,0,11928969.89,0,0,0,0
35,Quincy,0,0,0,0,0,0,0,0,0,0,0,0,0,0,6711032.592,26844130.37,0,26844130.37,0,0,0,0
36,Plymouth,0,0,0,0,0,0,0,0,0,0,0,0,0,0,6939146.412,27756585.65,0,27756585.65,0,0,0,0
37,Warwick,0,0,0,0,0,0,0,0,0,0,0,0,0,0,1252246.644,5008986.576,0,5008986.576,0,0,0,0
38,Plainville,0,0,0,0,0,0,0,0,0,0,0,0,0,0,1233012.264,4932049.056,0,4932049.056,0,0,0,0
39,Weymouth,0,0,0,0,0,0,0,0,0,0,0,0,0,0,5000964.54,20003858.16,0,20003858.16,0,0,0,0
40,Westport,0,0,0,0,0,0,0,0,0,0,0,0,0,0,4033740.744,16133011.49,16262.4,16149273.89,0,0,0,0
41,Westfield,0,0,0,0,0,0,0,0,0,0,0,0,0,0,5782306.728,23127148.7,17318.4,23144467.1,0,0,0,0
42,West Tisbury,0,0,0,0,0,0,0,0,0,0,0,0,0,0,357971.064,1431884.256,0,1431884.256,0,0,0,0
43,Acton,0,0,0,0,0,0,0,0,0,0,0,0,0,0,3298941.624,13195766.5,0,13195766.5,0,0,0,0
44,Acushnet,0,0,0,0,0,0,0,0,0,0,0,0,0,0,1821504.564,7286018.256,0,7286018.256,0,0,0,0
45,Agawam,0,0,0,0,0,0,0,0,0,0,0,0,0,0,4036422.852,16145691.41,0,16145691.41,0,0,0,0
46,Amesbury,0,0,0,0,0,0,0,0,0,0,0,0,0,0,1695330.252,6781321.008,0,6781321.008,0,0,0,0
47,Amherst,0,0,0,0,0,0,0,0,0,0,0,0,0,0,3088058.292,12352233.17,0,12352233.17,0,0,0,0
48,Alford,0,0,0,0,0,0,0,0,0,0,0,0,0,0,411920.916,1647683.664,0,1647683.664,0,0,0,0
49,Andover,0,0,0,0,0,0,0,0,0,0,0,0,0,0,6494330.167,25972058.11,43854.624,26015912.74,0,0,0,0
50,Ashburnham,0,0,0,0,0,0,0,0,0,0,0,0,0,0,1772407.032,7089628.128,0,7089628.128,0,0,0,0
51,Arlington,0,0,0,0,0,0,0,0,0,0,0,0,0,0,3618500.82,14474003.28,0,14474003.28,0,0,0,0
52,Attleboro,0,0,0,0,0,0,0,0,0,0,0,0,0,0,6089614.872,24358459.49,0,24358459.49,0,0,0,0
53,North Andover,0,0,0,0,0,0,0,0,0,0,0,0,0,0,3533891.988,14135567.95,0,14135567.95,0,0,0,0
54,Ashby,0,0,0,0,0,0,0,0,0,0,0,0,0,0,1198839.048,4795356.192,0,4795356.192,0,0,0,0
55,Ashfield,0,0,0,0,0,0,0,0,0,0,0,0,0,0,1540779.24,6163116.96,0,6163116.96,0,0,0,0
56,Ashland,0,0,0,0,0,0,0,0,0,0,0,0,0,0,2423130.732,9692522.928,0,9692522.928,0,0,0,0
57,Athol,0,0,0,0,0,0,0,0,0,0,0,0,0,0,2482423.02,9929692.08,0,9929692.08,0,0,0,0
58,Auburn,0,0,0,0,0,0,0,0,0,0,0,0,0,0,2904760.32,11619041.28,0,11619041.28,0,0,0,0
59,Avon,0,0,0,0,0,0,0,0,0,0,0,0,0,0,749224.08,2996896.32,0,2996896.32,0,0,0,0
60,Ayer,0,0,0,0,0,0,0,0,0,0,0,0,0,0,1118044.092,4472176.368,0,4472176.368,0,0,0,0
61,Barnstable,0,0,0,0,0,0,0,0,0,0,0,0,0,0,9332388.12,37329552.48,0,37329552.48,0,0,0,0
62,Barre,0,0,0,0,0,0,0,0,0,0,0,0,0,0,2066385.156,8265540.624,0,8265540.624,0,0,0,0
63,Belchertown,0,0,0,0,0,0,0,0,0,0,0,0,0,0,3299323.236,13197292.94,0,13197292.94,0,0,0,0
64,Bedford,0,0,0,0,0,0,0,0,0,0,0,0,0,0,2267099.076,9068396.304,0,9068396.304,0,0,0,0
65,Becket,0,0,0,0,0,0,0,0,0,0,0,0,0,0,1204582.368,4818329.472,0,4818329.472,0,0,0,0
66,Bellingham,0,0,0,0,0,0,0,0,0,0,0,0,0,0,2795531.64,11182126.56,0,11182126.56,0,0,0,0
67,Belmont,0,0,0,0,0,0,0,0,0,0,0,0,0,0,2600438.28,10401753.12,0,10401753.12,0,0,0,0
68,Berlin,0,0,0,0,0,0,0,0,0,0,0,0,0,0,1163299.104,4653196.416,0,4653196.416,0,0,0,0
69,Bernardston,0,0,0,0,0,0,0,0,0,0,0,0,0,0,811734.66,3246938.64,0,3246938.64,0,0,0,0
70,Beverly,0,0,0,0,0,0,0,0,0,0,0,0,0,0,4322884.896,17291539.58,0,17291539.58,0,0,0,0
71,Billerica,0,0,0,0,0,0,0,0,0,0,0,0,0,0,6002671.356,24010685.42,0,24010685.42,0,0,0,0
72,Berkley,0,0,0,0,0,0,0,0,0,0,0,0,0,0,1489821.168,5959284.672,0,5959284.672,0,0,0,0
73,Bolton,0,0,0,0,0,0,0,0,0,0,0,0,0,0,1544483.82,6177935.28,0,6177935.28,0,0,0,0
74,Boston,0,0,0,0,0,0,0,0,0,0,0,0,0,0,30658037.15,122569800.1,519570.48,123089370.6,0,0,0,0
75,Blackstone,0,0,0,0,0,0,0,0,0,0,0,0,0,0,1183311.888,4733247.552,0,4733247.552,0,0,0,0
76,Blandford,0,0,0,0,0,0,0,0,0,0,0,0,0,0,1361842.416,5447369.664,0,5447369.664,0,0,0,0
77,Tewksbury,0,0,0,0,0,0,0,0,0,0,0,0,0,0,3984558.922,15937683.7,4599.936,15942283.63,0,0,0,0
78,Bourne,0,0,0,0,0,0,0,0,0,0,0,0,0,0,2768823.948,11075295.79,0,11075295.79,0,0,0,0
79,Brookline,0,0,0,0,0,0,0,0,0,0,0,0,0,0,3564940.025,14251588.56,68096.16,14319684.72,0,0,0,0
80,Boxborough,0,0,0,0,0,0,0,0,0,0,0,0,0,0,936752.388,3747009.552,0,3747009.552,0,0,0,0
81,Boxford,0,0,0,0,0,0,0,0,0,0,0,0,0,0,2453863.104,9815452.416,0,9815452.416,0,0,0,0
82,Boylston,0,0,0,0,0,0,0,0,0,0,0,0,0,0,1042451.652,4169806.608,0,4169806.608,0,0,0,0
83,Braintree,0,0,0,0,0,0,0,0,0,0,0,0,0,0,3733601.256,14934405.02,0,14934405.02,0,0,0,0
84,Brewster,0,0,0,0,0,0,0,0,0,0,0,0,0,0,1464412.62,5857650.48,0,5857650.48,0,0,0,0
85,Brockton,0,0,0,0,0,0,0,0,0,0,0,0,0,0,9003738.638,36011757.41,26642.88,36038400.29,0,0,0,0
86,Brimfield,0,0,0,0,0,0,0,0,0,0,0,0,0,0,1431581.448,5726325.792,0,5726325.792,0,0,0,0
87,Brookfield,0,0,0,0,0,0,0,0,0,0,0,0,0,0,879349.68,3517398.72,0,3517398.72,0,0,0,0
88,Cambridge,0,0,0,0,0,0,0,0,0,0,0,0,0,0,4598055.396,18392221.58,0,18392221.58,0,0,0,0
89,Somerville,0,0,0,0,0,0,0,0,0,0,0,0,0,0,3474323.292,13897293.17,0,13897293.17,0,0,0,0
90,Burlington,0,0,0,0,0,0,0,0,0,0,0,0,0,0,3584247.348,14336989.39,0,14336989.39,0,0,0,0
91,Carver,0,0,0,0,0,0,0,0,0,0,0,0,0,0,2236336.344,8945345.376,0,8945345.376,0,0,0,0
92,Carlisle,0,0,0,0,0,0,0,0,0,0,0,0,0,0,1435651.932,5742607.728,0,5742607.728,0,0,0,0
93,Charlemont,0,0,0,0,0,0,0,0,0,0,0,0,0,0,984445.176,3936766.944,8448,3945214.944,0,0,0,0
94,Chelmsford,0,0,0,0,0,0,0,0,0,0,0,0,0,0,5867551.272,23470205.09,0,23470205.09,0,0,0,0
95,Rowe,0,0,0,0,0,0,0,0,0,0,0,0,0,0,872121.36,3488485.44,0,3488485.44,0,0,0,0
96,Charlton,0,0,0,0,0,0,0,0,0,0,0,0,0,0,2914540.728,11658162.91,0,11658162.91,0,0,0,0
97,Cheshire,0,0,0,0,0,0,0,0,0,0,0,0,0,0,1030929.9,4123719.6,0,4123719.6,0,0,0,0
98,Chesterfield,0,0,0,0,0,0,0,0,0,0,0,0,0,0,1193972.472,4775889.888,0,4775889.888,0,0,0,0
99,Chelsea,0,0,0,0,0,0,0,0,0,0,0,0,0,0,1719855.06,6876632.4,23232,6899864.4,0,0,0,0
100,Chester,0,0,0,0,0,0,0,0,0,0,0,0,0,0,1171538.412,4686153.648,0,4686153.648,0,0,0,0
101,Chicopee,0,0,0,0,0,0,0,0,0,0,0,0,0,0,5503425.708,22011548.59,17952,22029500.59,0,0,0,0
102,Concord,0,0,0,0,0,0,0,0,0,0,0,0,0,0,3227091.912,12908367.65,0,12908367.65,0,0,0,0
103,Clinton,0,0,0,0,0,0,0,0,0,0,0,0,0,0,1535484.324,6141937.296,0,6141937.296,0,0,0,0
104,Chilmark,0,0,0,0,0,0,0,0,0,0,0,0,0,0,330674.256,1322697.024,0,1322697.024,0,0,0,0
105,Clarksburg,0,0,0,0,0,0,0,0,0,0,0,0,0,0,390421.416,1561685.664,0,1561685.664,0,0,0,0
106,South Hadley,0,0,0,0,0,0,0,0,0,0,0,0,0,0,2594769.672,10379078.69,0,10379078.69,0,0,0,0
107,Dalton,0,0,0,0,0,0,0,0,0,0,0,0,0,0,1174883.952,4699535.808,0,4699535.808,0,0,0,0
108,Cummington,0,0,0,0,0,0,0,0,0,0,0,0,0,0,1050124.02,4200496.08,0,4200496.08,0,0,0,0
109,Conway,0,0,0,0,0,0,0,0,0,0,0,0,0,0,1343784.684,5375138.736,0,5375138.736,0,0,0,0
110,Dartmouth,0,0,0,0,0,0,0,0,0,0,0,0,0,0,6676106.448,26704425.79,0,26704425.79,0,0,0,0
111,Dennis,0,0,0,0,0,0,0,0,0,0,0,0,0,0,4106528.052,16426112.21,0,16426112.21,0,0,0,0
112,Deerfield,0,0,0,0,0,0,0,0,0,0,0,0,0,0,1834128.912,7336515.648,0,7336515.648,0,0,0,0
113,Douglas,0,0,0,0,0,0,0,0,0,0,0,0,0,0,1769027.304,7076109.216,0,7076109.216,0,0,0,0
114,Dover,0,0,0,0,0,0,0,0,0,0,0,0,0,0,1758495.552,7033982.208,0,7033982.208,0,0,0,0
115,Greenfield,0,0,0,0,0,0,0,0,0,0,0,0,0,0,3431057.388,13722975.02,10454.4,13733429.42,0,0,0,0
116,Dighton,0,0,0,0,0,0,0,0,0,0,0,0,0,0,1624813.745,6490236.192,75156.576,6565392.768,0,0,0,0
117,Duxbury,0,0,0,0,0,0,0,0,0,0,0,0,0,0,2704352.112,10817408.45,0,10817408.45,0,0,0,0
118,Dunstable,0,0,0,0,0,0,0,0,0,0,0,0,0,0,908935.368,3635741.472,0,3635741.472,0,0,0,0
119,Dudley,0,0,0,0,0,0,0,0,0,0,0,0,0,0,2319523.008,9278092.032,0,9278092.032,0,0,0,0
120,East Bridgewater,0,0,0,0,0,0,0,0,0,0,0,0,0,0,1752961.98,7011847.92,0,7011847.92,0,0,0,0
121,East Longmeadow,0,0,0,0,0,0,0,0,0,0,0,0,0,0,3401825.064,13607300.26,0,13607300.26,0,0,0,0
122,East Brookfield,0,0,0,0,0,0,0,0,0,0,0,0,0,0,527931.096,2111724.384,0,2111724.384,0,0,0,0
123,Edgartown,0,0,0,0,0,0,0,0,0,0,0,0,0,0,1045361.592,4181446.368,0,4181446.368,0,0,0,0
124,Easton,0,0,0,0,0,0,0,0,0,0,0,0,0,0,3923756.364,15695025.46,0,15695025.46,0,0,0,0
125,Eastham,0,0,0,0,0,0,0,0,0,0,0,0,0,0,1346867.28,5387469.12,0,5387469.12,0,0,0,0
126,Easthampton,0,0,0,0,0,0,0,0,0,0,0,0,0,0,2704696.368,10818785.47,0,10818785.47,0,0,0,0
127,Fairhaven,0,0,0,0,0,0,0,0,0,0,0,0,0,0,2574313.236,10297252.94,0,10297252.94,0,0,0,0
128,Everett,0,0,0,0,0,0,0,0,0,0,0,0,0,0,1905172.896,7620691.584,0,7620691.584,0,0,0,0
129,Egremont,0,0,0,0,0,0,0,0,0,0,0,0,0,0,832812.816,3331251.264,0,3331251.264,0,0,0,0
130,Essex,0,0,0,0,0,0,0,0,0,0,0,0,0,0,550288.596,2201154.384,0,2201154.384,0,0,0,0
131,Erving,0,0,0,0,0,0,0,0,0,0,0,0,0,0,451265.1,1805060.4,0,1805060.4,0,0,0,0
132,Fall River,0,0,0,0,0,0,0,0,0,0,0,0,0,0,8742520.248,34970080.99,0,34970080.99,0,0,0,0
133,Falmouth,0,0,0,0,0,0,0,0,0,0,0,0,0,0,5832583.891,23322568.9,64722.24,23387291.14,0,0,0,0
134,Fitchburg,0,0,0,0,0,0,0,0,0,0,0,0,0,0,6027812.076,24111248.3,0,24111248.3,0,0,0,0
135,Framingham,0,0,0,0,0,0,0,0,0,0,0,0,0,0,7817013.336,31268053.34,0,31268053.34,0,0,0,0
136,Foxborough,0,0,0,0,0,0,0,0,0,0,0,0,0,0,2793660.012,11174640.05,0,11174640.05,0,0,0,0
137,Florida,0,0,0,0,0,0,0,0,0,0,0,0,0,0,814257.84,3257031.36,0,3257031.36,0,0,0,0
138,Franklin,0,0,0,0,0,0,0,0,0,0,0,0,0,0,4673257.38,18693029.52,0,18693029.52,0,0,0,0
139,Freetown,0,0,0,0,0,0,0,0,0,0,0,0,0,0,2219972.832,8879891.328,0,8879891.328,0,0,0,0
140,Gardner,0,0,0,0,0,0,0,0,0,0,0,0,0,0,3366388.344,13465553.38,0,13465553.38,0,0,0,0
141,Gloucester,0,0,0,0,0,0,0,0,0,0,0,0,0,0,2622717.9,10490871.6,0,10490871.6,0,0,0,0
142,Gosnold,0,0,0,0,0,0,0,0,0,0,0,0,0,0,42383.22,169532.88,0,169532.88,0,0,0,0
143,Aquinnah,0,0,0,0,0,0,0,0,0,0,0,0,0,0,219807.72,879230.88,0,879230.88,0,0,0,0
144,Georgetown,0,0,0,0,0,0,0,0,0,0,0,0,0,0,1600961.736,6403846.944,0,6403846.944,0,0,0,0
145,Gill,0,0,0,0,0,0,0,0,0,0,0,0,0,0,871736.448,3486945.792,0,3486945.792,0,0,0,0
146,Great Barrington,0,0,0,0,0,0,0,0,0,0,0,0,0,0,1962640.02,7849140.816,11827.2,7860968.016,0,0,0,0
147,Grafton,0,0,0,0,0,0,0,0,0,0,0,0,0,0,2418800.868,9675203.472,0,9675203.472,0,0,0,0
148,Granville,0,0,0,0,0,0,0,0,0,0,0,0,0,0,1432668.6,5730674.4,0,5730674.4,0,0,0,0
149,Halifax,0,0,0,0,0,0,0,0,0,0,0,0,0,0,1512989.28,6051957.12,0,6051957.12,0,0,0,0
150,Hamilton,0,0,0,0,0,0,0,0,0,0,0,0,0,0,1327618.644,5310474.576,0,5310474.576,0,0,0,0
151,Hadley,0,0,0,0,0,0,0,0,0,0,0,0,0,0,1810252.488,7241009.952,0,7241009.952,0,0,0,0
152,Groveland,0,0,0,0,0,0,0,0,0,0,0,0,0,0,1086516.948,4346067.792,0,4346067.792,0,0,0,0
153,Granby,0,0,0,0,0,0,0,0,0,0,0,0,0,0,1630943.424,6523773.696,0,6523773.696,0,0,0,0
154,Goshen,0,0,0,0,0,0,0,0,0,0,0,0,0,0,564965.016,2259860.064,0,2259860.064,0,0,0,0
155,Groton,0,0,0,0,0,0,0,0,0,0,0,0,0,0,2537613.936,10150455.74,0,10150455.74,0,0,0,0
156,Hanson,0,0,0,0,0,0,0,0,0,0,0,0,0,0,1855342.368,7421369.472,0,7421369.472,0,0,0,0
157,Hardwick,0,0,0,0,0,0,0,0,0,0,0,0,0,0,1818362.832,7273451.328,0,7273451.328,0,0,0,0
158,Harvard,0,0,0,0,0,0,0,0,0,0,0,0,0,0,1663366.716,6653466.864,0,6653466.864,0,0,0,0
159,Hanover,0,0,0,0,0,0,0,0,0,0,0,0,0,0,2783461.428,11133845.71,0,11133845.71,0,0,0,0
160,Hatfield,0,0,0,0,0,0,0,0,0,0,0,0,0,0,1054496.52,4217986.08,0,4217986.08,0,0,0,0
161,Haverhill,0,0,0,0,0,0,0,0,0,0,0,0,0,0,7459746.228,29838984.91,0,29838984.91,0,0,0,0
162,Hawley,0,0,0,0,0,0,0,0,0,0,0,0,0,0,890551.464,3562205.856,0,3562205.856,0,0,0,0
163,Hingham,0,0,0,0,0,0,0,0,0,0,0,0,0,0,3424953.444,13699813.78,0,13699813.78,0,0,0,0
164,Heath,0,0,0,0,0,0,0,0,0,0,0,0,0,0,1042016.448,4168065.792,0,4168065.792,0,0,0,0
165,Hinsdale,0,0,0,0,0,0,0,0,0,0,0,0,0,0,802507.728,3210030.912,0,3210030.912,0,0,0,0
166,Holyoke,0,0,0,0,0,0,0,0,0,0,0,0,0,0,5059359.503,20235512.88,16042.752,20251555.63,0,0,0,0
167,Holden,0,0,0,0,0,0,0,0,0,0,0,0,0,0,3144624.648,12578498.59,0,12578498.59,0,0,0,0
168,Hubbardston,0,0,0,0,0,0,0,0,0,0,0,0,0,0,2000104.92,8000419.68,0,8000419.68,0,0,0,0
169,Hudson,0,0,0,0,0,0,0,0,0,0,0,0,0,0,2997973.704,11991894.82,0,11991894.82,0,0,0,0
170,Hull,0,0,0,0,0,0,0,0,0,0,0,0,0,0,1655298.744,6621194.976,0,6621194.976,0,0,0,0
171,Holland,0,0,0,0,0,0,0,0,0,0,0,0,0,0,801593.364,3206373.456,0,3206373.456,0,0,0,0
172,Hopkinton,0,0,0,0,0,0,0,0,0,0,0,0,0,0,2952575.34,11810301.36,0,11810301.36,0,0,0,0
173,Hopedale,0,0,0,0,0,0,0,0,0,0,0,0,0,0,966789.912,3867159.648,0,3867159.648,0,0,0,0
174,Lakeville,0,0,0,0,0,0,0,0,0,0,0,0,0,0,1967199.696,7868798.784,0,7868798.784,0,0,0,0
175,Kingston,0,0,0,0,0,0,0,0,0,0,0,0,0,0,2028966.72,8115866.88,0,8115866.88,0,0,0,0
176,Huntington,0,0,0,0,0,0,0,0,0,0,0,0,0,0,941239.2,3764956.8,0,3764956.8,0,0,0,0
177,Ipswich,0,0,0,0,0,0,0,0,0,0,0,0,0,0,2214979.932,8859919.728,0,8859919.728,0,0,0,0
178,Marlborough,0,0,0,0,0,0,0,0,0,0,0,0,0,0,4581775.308,18327101.23,0,18327101.23,0,0,0,0
179,Stow,0,0,0,0,0,0,0,0,0,0,0,0,0,0,1519203.84,6076815.36,0,6076815.36,0,0,0,0
180,Lenox,0,0,0,0,0,0,0,0,0,0,0,0,0,0,1252396.026,4992479.184,142540.992,5135020.176,0,0,0,0
181,Lancaster,0,0,0,0,0,0,0,0,0,0,0,0,0,0,1709909.124,6839636.496,0,6839636.496,0,0,0,0
182,Lanesborough,0,0,0,0,0,0,0,0,0,0,0,0,0,0,1041336.891,4153300.8,100389.696,4253690.496,0,0,0,0
183,Leicester,0,0,0,0,0,0,0,0,0,0,0,0,0,0,2082589.212,8330356.848,0,8330356.848,0,0,0,0
184,Leominster,0,0,0,0,0,0,0,0,0,0,0,0,0,0,5564864.316,22259267.18,1584,22260851.18,0,0,0,0
185,Lee,0,0,0,0,0,0,0,0,0,0,0,0,0,0,1430238.876,5720955.504,0,5720955.504,0,0,0,0
186,Lexington,0,0,0,0,0,0,0,0,0,0,0,0,0,0,4303446.048,17213784.19,0,17213784.19,0,0,0,0
187,Paxton,0,0,0,0,0,0,0,0,0,0,0,0,0,0,1045753.896,4183015.584,0,4183015.584,0,0,0,0
188,Leverett,0,0,0,0,0,0,0,0,0,0,0,0,0,0,820027.692,3280110.768,0,3280110.768,0,0,0,0
189,Littleton,0,0,0,0,0,0,0,0,0,0,0,0,0,0,1891282.272,7565129.088,0,7565129.088,0,0,0,0
190,Lincoln,0,0,0,0,0,0,0,0,0,0,0,0,0,0,1426317.552,5705270.208,0,5705270.208,0,0,0,0
191,Leyden,0,0,0,0,0,0,0,0,0,0,0,0,0,0,644403.936,2577615.744,0,2577615.744,0,0,0,0
192,Lynn,0,0,0,0,0,0,0,0,0,0,0,0,0,0,6041900.568,24167602.27,0,24167602.27,0,0,0,0
193,Lunenburg,0,0,0,0,0,0,0,0,0,0,0,0,0,0,2301618.66,9206474.64,0,9206474.64,0,0,0,0
194,Ludlow,0,0,0,0,0,0,0,0,0,0,0,0,0,0,4186955.916,16747823.66,0,16747823.66,0,0,0,0
195,Lynnfield,0,0,0,0,0,0,0,0,0,0,0,0,0,0,2366323.212,9465292.848,0,9465292.848,0,0,0,0
196,Malden,0,0,0,0,0,0,0,0,0,0,0,0,0,0,3484264.45,13934672.93,19873.92,13954546.85,0,0,0,0
197,Mansfield,0,0,0,0,0,0,0,0,0,0,0,0,0,0,3920929.003,15680283.17,28607.04,15708890.21,0,0,0,0
198,Marblehead,0,0,0,0,0,0,0,0,0,0,0,0,0,0,2405441.544,9621766.176,0,9621766.176,0,0,0,0
199,Manchester,0,0,0,0,0,0,0,0,0,0,0,0,0,0,703137.468,2812549.872,0,2812549.872,0,0,0,0
200,Mashpee,0,0,0,0,0,0,0,0,0,0,0,0,0,0,2887634.112,11550536.45,0,11550536.45,0,0,0,0
201,Marshfield,0,0,0,0,0,0,0,0,0,0,0,0,0,0,4035481.956,16141927.82,0,16141927.82,0,0,0,0
202,Medford,0,0,0,0,0,0,0,0,0,0,0,0,0,0,3557807.616,14231230.46,0,14231230.46,0,0,0,0
203,Maynard,0,0,0,0,0,0,0,0,0,0,0,0,0,0,1125464.076,4501856.304,0,4501856.304,0,0,0,0
204,Medfield,0,0,0,0,0,0,0,0,0,0,0,0,0,0,2352611.184,9410444.736,0,9410444.736,0,0,0,0
205,Mattapoisett,0,0,0,0,0,0,0,0,0,0,0,0,0,0,1129215.648,4516862.592,0,4516862.592,0,0,0,0
206,Sandisfield,0,0,0,0,0,0,0,0,0,0,0,0,0,0,1523469.684,6093878.736,0,6093878.736,0,0,0,0
207,Melrose,0,0,0,0,0,0,0,0,0,0,0,0,0,0,2304057.756,9216231.024,0,9216231.024,0,0,0,0
208,Methuen,0,0,0,0,0,0,0,0,0,0,0,0,0,0,5565108.912,22260435.65,0,22260435.65,0,0,0,0
209,Mendon,0,0,0,0,0,0,0,0,0,0,0,0,0,0,1586143.68,6344574.72,0,6344574.72,0,0,0,0
210,Merrimac,0,0,0,0,0,0,0,0,0,0,0,0,0,0,1055443.488,4221773.952,0,4221773.952,0,0,0,0
211,New Bedford,0,0,0,0,0,0,0,0,0,0,0,0,0,0,10247293.58,40987501.63,13939.2,41001440.83,0,0,0,0
212,Montague,0,0,0,0,0,0,0,0,0,0,0,0,0,0,3110306.232,12441224.93,0,12441224.93,0,0,0,0
213,Natick,0,0,0,0,0,0,0,0,0,0,0,0,0,0,4187341.62,16749366.48,0,16749366.48,0,0,0,0
214,Needham,0,0,0,0,0,0,0,0,0,0,0,0,0,0,3987077.292,15948309.17,0,15948309.17,0,0,0,0
215,Monson,0,0,0,0,0,0,0,0,0,0,0,0,0,0,2452486.476,9809945.904,0,9809945.904,0,0,0,0
216,Milton,0,0,0,0,0,0,0,0,0,0,0,0,0,0,3390101.748,13560406.99,0,13560406.99,0,0,0,0
217,Monroe,0,0,0,0,0,0,0,0,0,0,0,0,0,0,382551.048,1530204.192,0,1530204.192,0,0,0,0
218,New Braintree,0,0,0,0,0,0,0,0,0,0,0,0,0,0,1198019.724,4792078.896,0,4792078.896,0,0,0,0
219,New Marlborough,0,0,0,0,0,0,0,0,0,0,0,0,0,0,1744604.796,6978419.184,0,6978419.184,0,0,0,0
220,Montgomery,0,0,0,0,0,0,0,0,0,0,0,0,0,0,699897.264,2799589.056,0,2799589.056,0,0,0,0
221,Monterey,0,0,0,0,0,0,0,0,0,0,0,0,0,0,960331.548,3841326.192,0,3841326.192,0,0,0,0
222,Newton,0,0,0,0,0,0,0,0,0,0,0,0,0,0,9782062.361,39080007.65,402014.976,39482022.62,0,0,0,0
223,Nantucket,0,0,0,0,0,0,0,0,0,0,0,0,0,0,2525690.798,10093578.53,76538.88,10170117.41,0,0,0,0
224,Newburyport,0,0,0,0,0,0,0,0,0,0,0,0,0,0,2189218.416,8756873.664,0,8756873.664,0,0,0,0
225,Nahant,0,0,0,0,0,0,0,0,0,0,0,0,0,0,502812.024,2011248.096,0,2011248.096,0,0,0,0
226,New Salem,0,0,0,0,0,0,0,0,0,0,0,0,0,0,774750.372,3099001.488,0,3099001.488,0,0,0,0
227,Newbury,0,0,0,0,0,0,0,0,0,0,0,0,0,0,1432701.468,5730805.872,0,5730805.872,0,0,0,0
228,Mount Washington,0,0,0,0,0,0,0,0,0,0,0,0,0,0,379287.48,1517149.92,0,1517149.92,0,0,0,0
229,Middleton,0,0,0,0,0,0,0,0,0,0,0,0,0,0,1379422.704,5517120.576,4752,5521872.576,0,0,0,0
230,Milford,0,0,0,0,0,0,0,0,0,0,0,0,0,0,3782380.8,15129523.2,0,15129523.2,0,0,0,0
231,Oak Bluffs,0,0,0,0,0,0,0,0,0,0,0,0,0,0,857598.192,3430392.768,0,3430392.768,0,0,0,0
232,Orange,0,0,0,0,0,0,0,0,0,0,0,0,0,0,2206316.64,8825266.56,0,8825266.56,0,0,0,0
233,Middleborough,0,0,0,0,0,0,0,0,0,0,0,0,0,0,4166576.568,16666306.27,0,16666306.27,0,0,0,0
234,Middlefield,0,0,0,0,0,0,0,0,0,0,0,0,0,0,837867.36,3351469.44,0,3351469.44,0,0,0,0
235,Norwood,0,0,0,0,0,0,0,0,0,0,0,0,0,0,3998357.748,15993430.99,0,15993430.99,0,0,0,0
236,Millbury,0,0,0,0,0,0,0,0,0,0,0,0,0,0,2013819.852,8055279.408,0,8055279.408,0,0,0,0
237,Millis,0,0,0,0,0,0,0,0,0,0,0,0,0,0,1461353.652,5845414.608,0,5845414.608,0,0,0,0
238,Millville,0,0,0,0,0,0,0,0,0,0,0,0,0,0,504331.344,2017325.376,0,2017325.376,0,0,0,0
239,Oxford,0,0,0,0,0,0,0,0,0,0,0,0,0,0,2434650.636,9738602.544,0,9738602.544,0,0,0,0
240,Otis,0,0,0,0,0,0,0,0,0,0,0,0,0,0,859583.34,3438333.36,0,3438333.36,0,0,0,0
241,Ware,0,0,0,0,0,0,0,0,0,0,0,0,0,0,2104252.92,8417011.68,0,8417011.68,0,0,0,0
242,Palmer,0,0,0,0,0,0,0,0,0,0,0,0,0,0,2776704.876,11106819.5,0,11106819.5,0,0,0,0
243,New Ashford,0,0,0,0,0,0,0,0,0,0,0,0,0,0,209924.352,837568.512,17740.8,855309.312,0,0,0,0
244,Peabody,0,0,0,0,0,0,0,0,0,0,0,0,0,0,6361751.436,25435447.49,96318.816,25531766.3,0,0,0,0
245,Northampton,0,0,0,0,0,0,0,0,0,0,0,0,0,0,4446031.128,17782946.02,9820.8,17792766.82,0,0,0,0
246,Northbridge,0,0,0,0,0,0,0,0,0,0,0,0,0,0,2577658.38,10308482.45,17925.6,10326408.05,0,0,0,0
247,Northfield,0,0,0,0,0,0,0,0,0,0,0,0,0,0,1451533.38,5806133.52,0,5806133.52,0,0,0,0
248,Shrewsbury,0,0,0,0,0,0,0,0,0,0,0,0,0,0,5045359.968,20181439.87,0,20181439.87,0,0,0,0
249,Pepperell,0,0,0,0,0,0,0,0,0,0,0,0,0,0,2179500.312,8718001.248,0,8718001.248,0,0,0,0
250,Petersham,0,0,0,0,0,0,0,0,0,0,0,0,0,0,1251355.38,5005421.52,0,5005421.52,0,0,0,0
251,North Reading,0,0,0,0,0,0,0,0,0,0,0,0,0,0,2643501.96,10574007.84,0,10574007.84,0,0,0,0
252,Phillipston,0,0,0,0,0,0,0,0,0,0,0,0,0,0,1008556.296,4034225.184,0,4034225.184,0,0,0,0
253,Pembroke,0,0,0,0,0,0,0,0,0,0,0,0,0,0,2642402.004,10569608.02,0,10569608.02,0,0,0,0
254,Pittsfield,0,0,0,0,0,0,0,0,0,0,0,0,0,0,6570142.973,26241208.22,328030.56,26569238.78,0,0,0,0
255,Westborough,0,0,0,0,0,0,0,0,0,0,0,0,0,0,2958780,11835120,0,11835120,0,0,0,0
256,Pelham,0,0,0,0,0,0,0,0,0,0,0,0,0,0,527246.544,2108986.176,0,2108986.176,0,0,0,0
257,North Adams,0,0,0,0,0,0,0,0,0,0,0,0,0,0,2081404.528,8313701.616,99304.128,8413005.744,0,0,0,0
258,Rehoboth,0,0,0,0,0,0,0,0,0,0,0,0,0,0,3556995.684,14227982.74,0,14227982.74,0,0,0,0
259,Norfolk,0,0,0,0,0,0,0,0,0,0,0,0,0,0,2051100.48,8204401.92,0,8204401.92,0,0,0,0
260,Reading,0,0,0,0,0,0,0,0,0,0,0,0,0,0,2975464.668,11901858.67,0,11901858.67,0,0,0,0
261,North Attleborough,0,0,0,0,0,0,0,0,0,0,0,0,0,0,3330284.074,13284131.52,308373.12,13592504.64,0,0,0,0
262,Raynham,0,0,0,0,0,0,0,0,0,0,0,0,0,0,2298063.504,9192254.016,0,9192254.016,0,0,0,0
263,Rockland,0,0,0,0,0,0,0,0,0,0,0,0,0,0,1706842.5,6827370,0,6827370,0,0,0,0
264,Randolph,0,0,0,0,0,0,0,0,0,0,0,0,0,0,3552415.944,14209663.78,0,14209663.78,0,0,0,0
265,North Brookfield,0,0,0,0,0,0,0,0,0,0,0,0,0,0,1688131.368,6752525.472,0,6752525.472,0,0,0,0
266,Peru,0,0,0,0,0,0,0,0,0,0,0,0,0,0,812619.06,3250476.24,0,3250476.24,0,0,0,0
267,Oakham,0,0,0,0,0,0,0,0,0,0,0,0,0,0,1023024.024,4092096.096,0,4092096.096,0,0,0,0
268,Russell,0,0,0,0,0,0,0,0,0,0,0,0,0,0,621907.44,2487629.76,0,2487629.76,0,0,0,0
269,Rutland,0,0,0,0,0,0,0,0,0,0,0,0,0,0,1994730.144,7978920.576,0,7978920.576,0,0,0,0
270,Salem,0,0,0,0,0,0,0,0,0,0,0,0,0,0,3557242.26,14228969.04,0,14228969.04,0,0,0,0
271,Provincetown,0,0,0,0,0,0,0,0,0,0,0,0,0,0,627666.468,2510665.872,0,2510665.872,0,0,0,0
272,Royalston,0,0,0,0,0,0,0,0,0,0,0,0,0,0,1471459.308,5885837.232,0,5885837.232,0,0,0,0
273,Princeton,0,0,0,0,0,0,0,0,0,0,0,0,0,0,1814679.636,7258718.544,0,7258718.544,0,0,0,0
274,Plympton,0,0,0,0,0,0,0,0,0,0,0,0,0,0,939376.68,3757506.72,0,3757506.72,0,0,0,0
275,Sandwich,0,0,0,0,0,0,0,0,0,0,0,0,0,0,4049317.008,16197268.03,0,16197268.03,0,0,0,0
276,Rockport,0,0,0,0,0,0,0,0,0,0,0,0,0,0,895391.112,3581564.448,0,3581564.448,0,0,0,0
277,Rowley,0,0,0,0,0,0,0,0,0,0,0,0,0,0,1135481.16,4541924.64,0,4541924.64,0,0,0,0
278,Plainfield,0,0,0,0,0,0,0,0,0,0,0,0,0,0,1076433.864,4305735.456,0,4305735.456,0,0,0,0
279,Southwick,0,0,0,0,0,0,0,0,0,0,0,0,0,0,1984375.272,7937501.088,0,7937501.088,0,0,0,0
280,Spencer,0,0,0,0,0,0,0,0,0,0,0,0,0,0,2364359.448,9457437.792,0,9457437.792,0,0,0,0
281,Southborough,0,0,0,0,0,0,0,0,0,0,0,0,0,0,2049713.82,8198855.28,0,8198855.28,0,0,0,0
282,Southbridge,0,0,0,0,0,0,0,0,0,0,0,0,0,0,2393189.04,9572756.16,0,9572756.16,0,0,0,0
283,Springfield,Underfunded,8,"589,970,000","7,374,625,000",n/a,0,underfunded,30,underfunded,8,underfunded,50,"$1,347,929 ","$16,184,112 ","$17,532,040.68","70,128,162.72",0,"70,128,162.72","154,074","$35,742 ",https://www.springfield-ma.gov/finance/fileadmin/comptroller/Comprehensive_Annual_Financial_Report/Springfield_FY2017_CAFR.pdf,https://www.springfield-ma.gov/finance/fileadmin/budget/2017/Final_FY17_Adopted_6.30.16.pdf
284,Southampton,0,0,0,0,0,0,0,0,0,0,0,0,0,0,1952800.74,7811202.96,0,7811202.96,0,0,0,0
285,Shutesbury,0,0,0,0,0,0,0,0,0,0,0,0,0,0,701066.388,2804265.552,0,2804265.552,0,0,0,0
286,Somerset,0,0,0,0,0,0,0,0,0,0,0,0,0,0,2822971.14,11291884.56,0,11291884.56,0,0,0,0
287,Shelburne,0,0,0,0,0,0,0,0,0,0,0,0,0,0,1153857.672,4615430.688,0,4615430.688,0,0,0,0
288,Sherborn,0,0,0,0,0,0,0,0,0,0,0,0,0,0,1562863.632,6251454.528,0,6251454.528,0,0,0,0
289,Shirley,0,0,0,0,0,0,0,0,0,0,0,0,0,0,1268877.456,5075509.824,0,5075509.824,0,0,0,0
290,Sheffield,0,0,0,0,0,0,0,0,0,0,0,0,0,0,1921749.192,7686996.768,0,7686996.768,0,0,0,0
291,Sterling,0,0,0,0,0,0,0,0,0,0,0,0,0,0,2144658.384,8578633.536,0,8578633.536,0,0,0,0
292,Sharon,0,0,0,0,0,0,0,0,0,0,0,0,0,0,3440886.372,13763545.49,0,13763545.49,0,0,0,0
293,Stockbridge,0,0,0,0,0,0,0,0,0,0,0,0,0,0,1074277.248,4297108.992,0,4297108.992,0,0,0,0
294,Saugus,0,0,0,0,0,0,0,0,0,0,0,0,0,0,2945151.264,11780605.06,0,11780605.06,0,0,0,0
295,Savoy,0,0,0,0,0,0,0,0,0,0,0,0,0,0,959212.056,3836848.224,0,3836848.224,0,0,0,0
296,Scituate,0,0,0,0,0,0,0,0,0,0,0,0,0,0,3090435.612,12361742.45,0,12361742.45,0,0,0,0
297,Townsend,0,0,0,0,0,0,0,0,0,0,0,0,0,0,2223753.048,8895012.192,0,8895012.192,0,0,0,0
298,Seekonk,0,0,0,0,0,0,0,0,0,0,0,0,0,0,3305932.212,13223728.85,0,13223728.85,0,0,0,0
299,Upton,0,0,0,0,0,0,0,0,0,0,0,0,0,0,1731495.612,6925982.448,0,6925982.448,0,0,0,0
300,Uxbridge,0,0,0,0,0,0,0,0,0,0,0,0,0,0,2895639.252,11581644.62,7603.2,11589247.82,0,0,0,0
301,Tyngsborough,0,0,0,0,0,0,0,0,0,0,0,0,0,0,2108163.288,8432653.152,0,8432653.152,0,0,0,0
302,Tyringham,0,0,0,0,0,0,0,0,0,0,0,0,0,0,549196.692,2196786.768,0,2196786.768,0,0,0,0
303,Tisbury,0,0,0,0,0,0,0,0,0,0,0,0,0,0,519927.936,2079711.744,0,2079711.744,0,0,0,0
304,Topsfield,0,0,0,0,0,0,0,0,0,0,0,0,0,0,1448521.404,5794085.616,0,5794085.616,0,0,0,0
305,Wakefield,0,0,0,0,0,0,0,0,0,0,0,0,0,0,2996756.532,11987026.13,0,11987026.13,0,0,0,0
306,West Boylston,0,0,0,0,0,0,0,0,0,0,0,0,0,0,1515679.968,6062719.872,0,6062719.872,0,0,0,0
307,Templeton,0,0,0,0,0,0,0,0,0,0,0,0,0,0,1934675.424,7738701.696,0,7738701.696,0,0,0,0
308,Taunton,0,0,0,0,0,0,0,0,0,0,0,0,0,0,6487877.616,25948849.34,22176,25971025.34,0,0,0,0
309,Waltham,0,0,0,0,0,0,0,0,0,0,0,0,0,0,4202231.352,16808925.41,0,16808925.41,0,0,0,0
310,Swampscott,0,0,0,0,0,0,0,0,0,0,0,0,0,0,1477156.428,5908625.712,0,5908625.712,0,0,0,0
311,Sutton,0,0,0,0,0,0,0,0,0,0,0,0,0,0,2179425.468,8717701.872,0,8717701.872,0,0,0,0
312,Swansea,0,0,0,0,0,0,0,0,0,0,0,0,0,0,3046097.472,12184389.89,0,12184389.89,0,0,0,0
313,Sturbridge,0,0,0,0,0,0,0,0,0,0,0,0,0,0,1985213.868,7940855.472,0,7940855.472,0,0,0,0
314,Wales,0,0,0,0,0,0,0,0,0,0,0,0,0,0,529495.296,2117981.184,0,2117981.184,0,0,0,0
315,Sudbury,0,0,0,0,0,0,0,0,0,0,0,0,0,0,3845357.34,15381429.36,0,15381429.36,0,0,0,0
316,Stoneham,0,0,0,0,0,0,0,0,0,0,0,0,0,0,2351592.672,9406370.688,0,9406370.688,0,0,0,0
317,Westford,0,0,0,0,0,0,0,0,0,0,0,0,0,0,4700058.132,18800232.53,0,18800232.53,0,0,0,0
318,West Springfield,0,0,0,0,0,0,0,0,0,0,0,0,0,0,4275157.92,17100631.68,0,17100631.68,0,0,0,0
319,West Stockbridge,0,0,0,0,0,0,0,0,0,0,0,0,0,0,853435.968,3413743.872,0,3413743.872,0,0,0,0
320,Sunderland,0,0,0,0,0,0,0,0,0,0,0,0,0,0,882282.72,3529130.88,0,3529130.88,0,0,0,0
321,Stoughton,0,0,0,0,0,0,0,0,0,0,0,0,0,0,3686192.664,14744770.66,0,14744770.66,0,0,0,0
322,Tolland,0,0,0,0,0,0,0,0,0,0,0,0,0,0,939949.956,3759799.824,0,3759799.824,0,0,0,0
323,West Newbury,0,0,0,0,0,0,0,0,0,0,0,0,0,0,1090900.14,4363600.56,0,4363600.56,0,0,0,0
324,Westwood,0,0,0,0,0,0,0,0,0,0,0,0,0,0,2570218.2,10280872.8,0,10280872.8,0,0,0,0
325,West Brookfield,0,0,0,0,0,0,0,0,0,0,0,0,0,0,1231571.352,4926285.408,0,4926285.408,0,0,0,0
326,Westminster,0,0,0,0,0,0,0,0,0,0,0,0,0,0,2127019.752,8508079.008,0,8508079.008,0,0,0,0
327,Westhampton,0,0,0,0,0,0,0,0,0,0,0,0,0,0,1088683.068,4354732.272,0,4354732.272,0,0,0,0
328,Wellfleet,0,0,0,0,0,0,0,0,0,0,0,0,0,0,1203347.772,4813391.088,0,4813391.088,0,0,0,0
329,West Bridgewater,0,0,0,0,0,0,0,0,0,0,0,0,0,0,1508431.188,6033724.752,0,6033724.752,0,0,0,0
330,Watertown,0,0,0,0,0,0,0,0,0,0,0,0,0,0,2583012.696,10330732.9,10982.4,10341715.3,0,0,0,0
331,Wayland,0,0,0,0,0,0,0,0,0,0,0,0,0,0,2495841.612,9983366.448,0,9983366.448,0,0,0,0
332,Wrentham,0,0,0,0,0,0,0,0,0,0,0,0,0,0,2084165.028,8336660.112,0,8336660.112,0,0,0,0
333,Weston,0,0,0,0,0,0,0,0,0,0,0,0,0,0,2528796.6,10115186.4,0,10115186.4,0,0,0,0
334,Worcester,0,0,0,0,0,0,0,0,0,0,0,0,0,0,17641326.7,70564880.5,3552.384,70568432.88,0,0,0,0
335,Wendell,0,0,0,0,0,0,0,0,0,0,0,0,0,0,1002628.968,4010515.872,0,4010515.872,0,0,0,0
336,Wenham,0,0,0,0,0,0,0,0,0,0,0,0,0,0,877231.608,3508926.432,0,3508926.432,0,0,0,0
337,Warren,0,0,0,0,0,0,0,0,0,0,0,0,0,0,1426218.156,5704872.624,0,5704872.624,0,0,0,0
338,Washington,0,0,0,0,0,0,0,0,0,0,0,0,0,0,832966.068,3331864.272,0,3331864.272,0,0,0,0
339,Worthington,0,0,0,0,0,0,0,0,0,0,0,0,0,0,1183059.768,4732239.072,0,4732239.072,0,0,0,0
340,Winchester,0,0,0,0,0,0,0,0,0,0,0,0,0,0,2524765.584,10099062.34,0,10099062.34,0,0,0,0
341,Windsor,0,0,0,0,0,0,0,0,0,0,0,0,0,0,1148297.7,4593190.8,0,4593190.8,0,0,0,0
342,Winthrop,0,0,0,0,0,0,0,0,0,0,0,0,0,0,1181276.052,4725104.208,0,4725104.208,0,0,0,0
343,Woburn,0,0,0,0,0,0,0,0,0,0,0,0,0,0,4208733.973,16834869.74,551.232,16835420.98,0,0,0,0
344,Winchendon,0,0,0,0,0,0,0,0,0,0,0,0,0,0,2135489.796,8541959.184,0,8541959.184,0,0,0,0
345,Wilbraham,0,0,0,0,0,0,0,0,0,0,0,0,0,0,3098225.196,12392900.78,0,12392900.78,0,0,0,0
346,Wilmington,0,0,0,0,0,0,0,0,0,0,0,0,0,0,3178486.212,12713944.85,0,12713944.85,0,0,0,0
347,Whitman,0,0,0,0,0,0,0,0,0,0,0,0,0,0,1655916.504,6623666.016,0,6623666.016,0,0,0,0
348,Williamsburg,0,0,0,0,0,0,0,0,0,0,0,0,0,0,904765.092,3619060.368,0,3619060.368,0,0,0,0
349,Williamstown,0,0,0,0,0,0,0,0,0,0,0,0,0,0,1365849.144,5463396.576,0,5463396.576,0,0,0,0
350,Whately,0,0,0,0,0,0,0,0,0,0,0,0,0,0,748738.188,2994952.752,0,2994952.752,0,0,0,0
