,city_name,city_status,overall_city_health_score,city_status_current_funding,city_expected_funding,airport_asset_status,airport_score,building_asset_status,building_score,road_asset_status,road_score,sewage_asset_status,sewage_score,city_roads_actual_annual_spending,city_roads_cost_differential, city_roads_expected_annual_cost ,city_total_sq_footage_asphalt_streets,city_total_sq_footage_concrete_streets,city_total_sq_footage_streets,city_population,city_median_household_income,city_cafr_link,city_budget_link
1,ADAMS,,,,,,,,,,,,,,,4962626.098,6034987.728,28677.792,6063665.52,154074,"$35,742 ",https://www.springfield-ma.gov/finance/fileadmin/comptroller/Comprehensive_Annual_Financial_Report/Springfield_FY2017_CAFR.pdf,https://www.springfield-ma.gov/finance/fileadmin/budget/2017/Final_FY17_Adopted_6.30.16.pdf
2,ORLEANS,,,,,,,,,,,,,,,4435441.517,5393004.672,49760.832,5442765.504,,,,
3,NORWELL,,,,,,,,,,,,,,,6414117.569,7801480.896,0,7801480.896,,,,
4,NORTON,,,,,,,,,,,,,,,8888282.475,10810803.7,0,10810803.7,,,,
5,NORTHBOROUGH,,,,,,,,,,,,,,,7312583.49,8894283.552,0,8894283.552,,,,
6,MEDWAY,,,,,,,,,,,,,,,7179231.082,8732087.232,0,8732087.232,,,,
7,ABINGTON,,,,,,,,,,,,,,,6625854.835,8059016.592,0,8059016.592,,,,
8,YARMOUTH,,,,,,,,,,,,,,,13706129.3,16670743.06,0,16670743.06,,,,
9,HANCOCK,,,,,,,,,,,,,,,977285.7501,1188671.088,0,1188671.088,,,,
10,LAWRENCE,,,,,,,,,,,,,,,16396489.2,19941809.71,33264,19975073.71,,,,
11,COHASSET,,,,,,,,,,,,,,,2948851.554,3586683.408,0,3586683.408,,,,
12,DEDHAM,,,,,,,,,,,,,,,8956603.065,10893901.92,0,10893901.92,,,,
13,MARION,,,,,,,,,,,,,,,2689719.682,3271501.728,0,3271501.728,,,,
14,DRACUT,,,,,,,,,,,,,,,13368214.94,16259738.35,0,16259738.35,,,,
15,HOLBROOK,,,,,,,,,,,,,,,3868100.638,4704764.592,0,4704764.592,,,,
16,CANTON,,,,,,,,,,,,,,,9753433.084,11863084.99,0,11863084.99,,,,
17,BUCKLAND,,,,,,,,,,,,,,,3224988.148,3922547.904,0,3922547.904,,,,
18,BRIDGEWATER,,,,,,,,,,,,,,,11386823.19,13849774.75,0,13849774.75,,,,
19,HARWICH,,,,,,,,,,,,,,,13014372.42,15829360.27,0,15829360.27,,,,
20,HOLLISTON,,,,,,,,,,,,,,,8819361.085,10726974.72,0,10726974.72,,,,
21,LOWELL,,,,,,,,,,,,,,,23508821.1,28582126.85,318301.632,28900428.48,,,,
22,HAMPDEN,,,,,,,,,,,,,,,5291263.724,6435755.568,0,6435755.568,,,,
23,COLRAIN,,,,,,,,,,,,,,,4789200.741,5825097.168,0,5825097.168,,,,
24,CHATHAM,,,,,,,,,,,,,,,5689557.619,6920199.792,0,6920199.792,,,,
25,LONGMEADOW,,,,,,,,,,,,,,,9457487.89,11503127.33,0,11503127.33,,,,
26,DANVERS,,,,,,,,,,,,,,,12928041.73,15724356.38,0,15724356.38,,,,
27,WALPOLE,,,,,,,,,,,,,,,12721817.58,15473526.29,0,15473526.29,,,,
28,TRURO,,,,,,,,,,,,,,,3203729.641,3896691.216,0,3896691.216,,,,
29,SALISBURY,,,,,,,,,,,,,,,3608771.682,4389343.2,0,4389343.2,,,,
30,WELLESLEY,,,,,,,,,,,,,,,11396880.51,13862007.46,0,13862007.46,,,,
31,ROCHESTER,,,,,,,,,,,,,,,6036953.253,7342736.544,0,7342736.544,,,,
32,RICHMOND,,,,,,,,,,,,,,,3205380.539,3898699.2,0,3898699.2,,,,
33,WEBSTER,,,,,,,,,,,,,,,8657168.977,10529700.72,0,10529700.72,,,,
34,REVERE,,,,,,,,,,,,,,,9807601.449,11928969.89,0,11928969.89,,,,
35,QUINCY,,,,,,,,,,,,,,,22070349.27,26844130.37,0,26844130.37,,,,
36,PLYMOUTH,,,,,,,,,,,,,,,22820539.59,27756585.65,0,27756585.65,,,,
37,WARWICK,,,,,,,,,,,,,,,4118221.813,5008986.576,0,5008986.576,,,,
38,PLAINVILLE,,,,,,,,,,,,,,,4054966.349,4932049.056,0,4932049.056,,,,
39,WEYMOUTH,,,,,,,,,,,,,,,16446505.45,20003858.16,0,20003858.16,,,,
40,WESTPORT,,,,,,,,,,,,,,,13264512.2,16133011.49,16262.4,16149273.89,,,,
41,WESTFIELD,,,,,,,,,,,,,,,19014890.39,23127148.7,17318.4,23144467.1,,,,
42,WEST TISBURY,,,,,,,,,,,,,,,1177247.511,1431884.256,0,1431884.256,,,,
43,ACTON,,,,,,,,,,,,,,,10849119.4,13195766.5,0,13195766.5,,,,
44,ACUSHNET,,,,,,,,,,,,,,,5990321.367,7286018.256,0,7286018.256,,,,
45,AGAWAM,,,,,,,,,,,,,,,13274449.34,16145691.41,0,16145691.41,,,,
46,AMESBURY,,,,,,,,,,,,,,,5575376.111,6781321.008,0,6781321.008,,,,
47,AMHERST,,,,,,,,,,,,,,,10155594.41,12352233.17,0,12352233.17,,,,
48,ALFORD,,,,,,,,,,,,,,,1354670.591,1647683.664,0,1647683.664,,,,
49,ANDOVER,,,,,,,,,,,,,,,21354676.17,25972058.11,43854.624,26015912.74,,,,
50,ASHBURNHAM,,,,,,,,,,,,,,,5828855.95,7089628.128,0,7089628.128,,,,
51,ARLINGTON,,,,,,,,,,,,,,,11900043.08,14474003.28,0,14474003.28,,,,
52,ATTLEBORO,,,,,,,,,,,,,,,20026713.52,24358459.49,0,24358459.49,,,,
53,NORTH ANDOVER,,,,,,,,,,,,,,,11621792.83,14135567.95,0,14135567.95,,,,
54,ASHBY,,,,,,,,,,,,,,,3942582.032,4795356.192,0,4795356.192,,,,
55,ASHFIELD,,,,,,,,,,,,,,,5067109.348,6163116.96,0,6163116.96,,,,
56,ASHLAND,,,,,,,,,,,,,,,7968869.3,9692522.928,0,9692522.928,,,,
57,ATHOL,,,,,,,,,,,,,,,8163861.872,9929692.08,0,9929692.08,,,,
58,AUBURN,,,,,,,,,,,,,,,9552788.478,11619041.28,0,11619041.28,,,,
59,AVON,,,,,,,,,,,,,,,2463948.268,2996896.32,0,2996896.32,,,,
60,AYER,,,,,,,,,,,,,,,3676874.352,4472176.368,0,4472176.368,,,,
61,BARNSTABLE,,,,,,,,,,,,,,,30691113.86,37329552.48,0,37329552.48,,,,
62,BARRE,,,,,,,,,,,,,,,6795652.011,8265540.624,0,8265540.624,,,,
63,BELCHERTOWN,,,,,,,,,,,,,,,10850374.39,13197292.94,0,13197292.94,,,,
64,BEDFORD,,,,,,,,,,,,,,,7455733.192,9068396.304,0,9068396.304,,,,
65,BECKET,,,,,,,,,,,,,,,3961469.897,4818329.472,0,4818329.472,,,,
66,BELLINGHAM,,,,,,,,,,,,,,,9193571.757,11182126.56,0,11182126.56,,,,
67,BELMONT,,,,,,,,,,,,,,,8551974.725,10401753.12,0,10401753.12,,,,
68,BERLIN,,,,,,,,,,,,,,,3825703.002,4653196.416,0,4653196.416,,,,
69,BERNARDSTON,,,,,,,,,,,,,,,2669524.729,3246938.64,0,3246938.64,,,,
70,BEVERLY,,,,,,,,,,,,,,,14216527.52,17291539.58,0,17291539.58,,,,
71,BILLERICA,,,,,,,,,,,,,,,19740785.28,24010685.42,0,24010685.42,,,,
72,BERKLEY,,,,,,,,,,,,,,,4899525.234,5959284.672,0,5959284.672,,,,
73,BOLTON,,,,,,,,,,,,,,,5079292.477,6177935.28,0,6177935.28,,,,
74,BOSTON,,,,,,,,,,,,,,,100788391.5,122569800.1,519570.48,123089370.6,,,,
75,BLACKSTONE,,,,,,,,,,,,,,,3891518.378,4733247.552,0,4733247.552,,,,
76,BLANDFORD,,,,,,,,,,,,,,,4478645.777,5447369.664,0,5447369.664,,,,
77,TEWKSBURY,,,,,,,,,,,,,,,13103570.33,15937683.7,4599.936,15942283.63,,,,
78,BOURNE,,,,,,,,,,,,,,,9105739.061,11075295.79,0,11075295.79,,,,
79,BROOKLINE,,,,,,,,,,,,,,,11719223.99,14251588.56,68096.16,14319684.72,,,,
80,BOXBOROUGH,,,,,,,,,,,,,,,3080666.366,3747009.552,0,3747009.552,,,,
81,BOXFORD,,,,,,,,,,,,,,,8069937.827,9815452.416,0,9815452.416,,,,
82,BOYLSTON,,,,,,,,,,,,,,,3428276.013,4169806.608,0,4169806.608,,,,
83,BRAINTREE,,,,,,,,,,,,,,,12278570.05,14934405.02,0,14934405.02,,,,
84,BREWSTER,,,,,,,,,,,,,,,4815964.989,5857650.48,0,5857650.48,,,,
85,BROCKTON,,,,,,,,,,,,,,,29608465.96,36011757.41,26642.88,36038400.29,,,,
86,BRIMFIELD,,,,,,,,,,,,,,,4707994.208,5726325.792,0,5726325.792,,,,
87,BROOKFIELD,,,,,,,,,,,,,,,2891887.993,3517398.72,0,3517398.72,,,,
88,CAMBRIDGE,,,,,,,,,,,,,,,15121471.57,18392221.58,0,18392221.58,,,,
89,SOMERVILLE,,,,,,,,,,,,,,,11425891.25,13897293.17,0,13897293.17,,,,
90,BURLINGTON,,,,,,,,,,,,,,,11787394.83,14336989.39,0,14336989.39,,,,
91,CARVER,,,,,,,,,,,,,,,7354564.82,8945345.376,0,8945345.376,,,,
92,CARLISLE,,,,,,,,,,,,,,,4721380.673,5742607.728,0,5742607.728,,,,
93,CHARLEMONT,,,,,,,,,,,,,,,3236932.009,3936766.944,8448,3945214.944,,,,
94,CHELMSFORD,,,,,,,,,,,,,,,19296420.36,23470205.09,0,23470205.09,,,,
95,ROWE,,,,,,,,,,,,,,,2868116.458,3488485.44,0,3488485.44,,,,
96,CHARLTON,,,,,,,,,,,,,,,9584952.98,11658162.91,0,11658162.91,,,,
97,CHESHIRE,,,,,,,,,,,,,,,3390384.812,4123719.6,0,4123719.6,,,,
98,CHESTERFIELD,,,,,,,,,,,,,,,3926577.486,4775889.888,0,4775889.888,,,,
99,CHELSEA,,,,,,,,,,,,,,,5654434.921,6876632.4,23232,6899864.4,,,,
100,CHESTER,,,,,,,,,,,,,,,3852799.34,4686153.648,0,4686153.648,,,,
101,CHICOPEE,,,,,,,,,,,,,,,18097700.17,22011548.59,17952,22029500.59,,,,
102,CONCORD,,,,,,,,,,,,,,,10612829.64,12908367.65,0,12908367.65,,,,
103,CLINTON,,,,,,,,,,,,,,,5049696.134,6141937.296,0,6141937.296,,,,
104,CHILMARK,,,,,,,,,,,,,,,1087477.408,1322697.024,0,1322697.024,,,,
105,CLARKSBURG,,,,,,,,,,,,,,,1283965.902,1561685.664,0,1561685.664,,,,
106,SOUTH HADLEY,,,,,,,,,,,,,,,8533332.563,10379078.69,0,10379078.69,,,,
107,DALTON,,,,,,,,,,,,,,,3863801.706,4699535.808,0,4699535.808,,,,
108,CUMMINGTON,,,,,,,,,,,,,,,3453507.874,4200496.08,0,4200496.08,,,,
109,CONWAY,,,,,,,,,,,,,,,4419259.915,5375138.736,0,5375138.736,,,,
110,DARTMOUTH,,,,,,,,,,,,,,,21955488.83,26704425.79,0,26704425.79,,,,
111,DENNIS,,,,,,,,,,,,,,,13505001.98,16426112.21,0,16426112.21,,,,
112,DEERFIELD,,,,,,,,,,,,,,,6031838.64,7336515.648,0,7336515.648,,,,
113,DOUGLAS,,,,,,,,,,,,,,,5817741.151,7076109.216,0,7076109.216,,,,
114,DOVER,,,,,,,,,,,,,,,5783105.729,7033982.208,0,7033982.208,,,,
115,GREENFIELD,,,,,,,,,,,,,,,11282886.31,13722975.02,10454.4,13733429.42,,,,
116,DIGHTON,,,,,,,,,,,,,,,5338310.575,6490236.192,75156.576,6565392.768,,,,
117,DUXBURY,,,,,,,,,,,,,,,8893712.682,10817408.45,0,10817408.45,,,,
118,DUNSTABLE,,,,,,,,,,,,,,,2989185.459,3635741.472,0,3635741.472,,,,
119,DUDLEY,,,,,,,,,,,,,,,7628138.03,9278092.032,0,9278092.032,,,,
120,EAST BRIDGEWATER,,,,,,,,,,,,,,,5764907.655,7011847.92,0,7011847.92,,,,
121,EAST LONGMEADOW,,,,,,,,,,,,,,,11187468.74,13607300.26,0,13607300.26,,,,
122,EAST BROOKFIELD,,,,,,,,,,,,,,,1736189.405,2111724.384,0,2111724.384,,,,
123,EDGARTOWN,,,,,,,,,,,,,,,3437845.836,4181446.368,0,4181446.368,,,,
124,EASTON,,,,,,,,,,,,,,,12903926.81,15695025.46,0,15695025.46,,,,
125,EASTHAM,,,,,,,,,,,,,,,4429397.546,5387469.12,0,5387469.12,,,,
126,EASTHAMPTON,,,,,,,,,,,,,,,8894844.825,10818785.47,0,10818785.47,,,,
127,FAIRHAVEN,,,,,,,,,,,,,,,8466058.163,10297252.94,0,10297252.94,,,,
128,EVERETT,,,,,,,,,,,,,,,6265478.623,7620691.584,0,7620691.584,,,,
129,EGREMONT,,,,,,,,,,,,,,,2738843.759,3331251.264,0,3331251.264,,,,
130,ESSEX,,,,,,,,,,,,,,,1809715.77,2201154.384,0,2201154.384,,,,
131,ERVING,,,,,,,,,,,,,,,1484060.498,1805060.4,0,1805060.4,,,,
132,FALL RIVER,,,,,,,,,,,,,,,28751235.04,34970080.99,0,34970080.99,,,,
133,FALMOUTH,,,,,,,,,,,,,,,19176980.47,23322568.9,64722.24,23387291.14,,,,
134,FITCHBURG,,,,,,,,,,,,,,,19823464.73,24111248.3,0,24111248.3,,,,
135,FRAMINGHAM,,,,,,,,,,,,,,,25707551.3,31268053.34,0,31268053.34,,,,
136,FOXBOROUGH,,,,,,,,,,,,,,,9187416.597,11174640.05,0,11174640.05,,,,
137,FLORIDA,,,,,,,,,,,,,,,2677822.627,3257031.36,0,3257031.36,,,,
138,FRANKLIN,,,,,,,,,,,,,,,15368785.83,18693029.52,0,18693029.52,,,,
139,FREETOWN,,,,,,,,,,,,,,,7300750.683,8879891.328,0,8879891.328,,,,
140,GARDNER,,,,,,,,,,,,,,,11070929.18,13465553.38,0,13465553.38,,,,
141,GLOUCESTER,,,,,,,,,,,,,,,8625244.969,10490871.6,0,10490871.6,,,,
142,GOSNOLD,,,,,,,,,,,,,,,139384.2834,169532.88,0,169532.88,,,,
143,AQUINNAH,,,,,,,,,,,,,,,722874.3248,879230.88,0,879230.88,,,,
144,GEORGETOWN,,,,,,,,,,,,,,,5265029.517,6403846.944,0,6403846.944,,,,
145,GILL,,,,,,,,,,,,,,,2866850.61,3486945.792,0,3486945.792,,,,
146,GREAT BARRINGTON,,,,,,,,,,,,,,,6453656.783,7849140.816,11827.2,7860968.016,,,,
147,GRAFTON,,,,,,,,,,,,,,,7954629.82,9675203.472,0,9675203.472,,,,
148,GRANVILLE,,,,,,,,,,,,,,,4711569.488,5730674.4,0,5730674.4,,,,
149,HALIFAX,,,,,,,,,,,,,,,4975717.432,6051957.12,0,6051957.12,,,,
150,HAMILTON,,,,,,,,,,,,,,,4366095.198,5310474.576,0,5310474.576,,,,
151,HADLEY,,,,,,,,,,,,,,,5953317.04,7241009.952,0,7241009.952,,,,
152,GROVELAND,,,,,,,,,,,,,,,3573192.084,4346067.792,0,4346067.792,,,,
153,GRANBY,,,,,,,,,,,,,,,5363629.295,6523773.696,0,6523773.696,,,,
154,GOSHEN,,,,,,,,,,,,,,,1857981.623,2259860.064,0,2259860.064,,,,
155,GROTON,,,,,,,,,,,,,,,8345366.398,10150455.74,0,10150455.74,,,,
156,HANSON,,,,,,,,,,,,,,,6101602.626,7421369.472,0,7421369.472,,,,
157,HARDWICK,,,,,,,,,,,,,,,5979989.258,7273451.328,0,7273451.328,,,,
158,HARVARD,,,,,,,,,,,,,,,5470258.696,6653466.864,0,6653466.864,,,,
159,HANOVER,,,,,,,,,,,,,,,9153876.853,11133845.71,0,11133845.71,,,,
160,HATFIELD,,,,,,,,,,,,,,,3467887.57,4217986.08,0,4217986.08,,,,
161,HAVERHILL,,,,,,,,,,,,,,,24532618.86,29838984.91,0,29838984.91,,,,
162,HAWLEY,,,,,,,,,,,,,,,2928726.926,3562205.856,0,3562205.856,,,,
163,HINGHAM,,,,,,,,,,,,,,,11263530.27,13699813.78,0,13699813.78,,,,
164,HEATH,,,,,,,,,,,,,,,3426844.773,4168065.792,0,4168065.792,,,,
165,HINSDALE,,,,,,,,,,,,,,,2639180.426,3210030.912,0,3210030.912,,,,
166,HOLYOKE,,,,,,,,,,,,,,,16637445.52,20235512.88,16042.752,20251555.63,,,,
167,HOLDEN,,,,,,,,,,,,,,,10341622.3,12578498.59,0,12578498.59,,,,
168,HUBBARDSTON,,,,,,,,,,,,,,,6577678.407,8000419.68,0,8000419.68,,,,
169,HUDSON,,,,,,,,,,,,,,,9859336.228,11991894.82,0,11991894.82,,,,
170,HULL,,,,,,,,,,,,,,,5443725.825,6621194.976,0,6621194.976,,,,
171,HOLLAND,,,,,,,,,,,,,,,2636173.387,3206373.456,0,3206373.456,,,,
172,HOPKINTON,,,,,,,,,,,,,,,9710036.141,11810301.36,0,11810301.36,,,,
173,HOPEDALE,,,,,,,,,,,,,,,3179449.77,3867159.648,0,3867159.648,,,,
174,LAKEVILLE,,,,,,,,,,,,,,,6469464.093,7868798.784,0,7868798.784,,,,
175,KINGSTON,,,,,,,,,,,,,,,6672595.247,8115866.88,0,8115866.88,,,,
176,HUNTINGTON,,,,,,,,,,,,,,,3095421.995,3764956.8,0,3764956.8,,,,
177,IPSWICH,,,,,,,,,,,,,,,7284330.699,8859919.728,0,8859919.728,,,,
178,MARLBOROUGH,,,,,,,,,,,,,,,15067931.79,18327101.23,0,18327101.23,,,,
179,STOW,,,,,,,,,,,,,,,4996155.049,6076815.36,0,6076815.36,,,,
180,LENOX,,,,,,,,,,,,,,,4108926.216,4992479.184,142540.992,5135020.176,,,,
181,LANCASTER,,,,,,,,,,,,,,,5623321.162,6839636.496,0,6839636.496,,,,
182,LANESBOROUGH,,,,,,,,,,,,,,,3417717.179,4153300.8,100389.696,4253690.496,,,,
183,LEICESTER,,,,,,,,,,,,,,,6848941.75,8330356.848,0,8330356.848,,,,
184,LEOMINSTER,,,,,,,,,,,,,,,18300875.1,22259267.18,1584,22260851.18,,,,
185,LEE,,,,,,,,,,,,,,,4703578.936,5720955.504,0,5720955.504,,,,
186,LEXINGTON,,,,,,,,,,,,,,,14152599.63,17213784.19,0,17213784.19,,,,
187,PAXTON,,,,,,,,,,,,,,,3439135.993,4183015.584,0,4183015.584,,,,
188,LEVERETT,,,,,,,,,,,,,,,2696797.747,3280110.768,0,3280110.768,,,,
189,LITTLETON,,,,,,,,,,,,,,,6219796.99,7565129.088,0,7565129.088,,,,
190,LINCOLN,,,,,,,,,,,,,,,4690683.008,5705270.208,0,5705270.208,,,,
191,LEYDEN,,,,,,,,,,,,,,,2119229.753,2577615.744,0,2577615.744,,,,
192,LYNN,,,,,,,,,,,,,,,19869797.08,24167602.27,0,24167602.27,,,,
193,LUNENBURG,,,,,,,,,,,,,,,7569256.597,9206474.64,0,9206474.64,,,,
194,LUDLOW,,,,,,,,,,,,,,,13769502.41,16747823.66,0,16747823.66,,,,
195,LYNNFIELD,,,,,,,,,,,,,,,7782048.301,9465292.848,0,9465292.848,,,,
196,MALDEN,,,,,,,,,,,,,,,11457219.86,13934672.93,19873.92,13954546.85,,,,
197,MANSFIELD,,,,,,,,,,,,,,,12892664.41,15680283.17,28607.04,15708890.21,,,,
198,MARBLEHEAD,,,,,,,,,,,,,,,7910695.456,9621766.176,0,9621766.176,,,,
199,MANCHESTER,,,,,,,,,,,,,,,2312384.762,2812549.872,0,2812549.872,,,,
200,MASHPEE,,,,,,,,,,,,,,,9496466.088,11550536.45,0,11550536.45,,,,
201,MARSHFIELD,,,,,,,,,,,,,,,13271355.05,16141927.82,0,16141927.82,,,,
202,MEDFORD,,,,,,,,,,,,,,,11700443.36,14231230.46,0,14231230.46,,,,
203,MAYNARD,,,,,,,,,,,,,,,3701276.206,4501856.304,0,4501856.304,,,,
204,MEDFIELD,,,,,,,,,,,,,,,7736954.012,9410444.736,0,9410444.736,,,,
205,MATTAPOISETT,,,,,,,,,,,,,,,3713613.876,4516862.592,0,4516862.592,,,,
206,SANDISFIELD,,,,,,,,,,,,,,,5010183.988,6093878.736,0,6093878.736,,,,
207,MELROSE,,,,,,,,,,,,,,,7577277.971,9216231.024,0,9216231.024,,,,
208,METHUEN,,,,,,,,,,,,,,,18301788.25,22260435.65,0,22260435.65,,,,
209,MENDON,,,,,,,,,,,,,,,5216297.87,6344574.72,0,6344574.72,,,,
210,MERRIMAC,,,,,,,,,,,,,,,3471001.832,4221773.952,0,4221773.952,,,,
211,NEW BEDFORD,,,,,,,,,,,,,,,33698975.9,40987501.63,13939.2,41001440.83,,,,
212,MONTAGUE,,,,,,,,,,,,,,,10228760.47,12441224.93,0,12441224.93,,,,
213,NATICK,,,,,,,,,,,,,,,13770770.86,16749366.48,0,16749366.48,,,,
214,NEEDHAM,,,,,,,,,,,,,,,13112168.24,15948309.17,0,15948309.17,,,,
215,MONSON,,,,,,,,,,,,,,,8065410.557,9809945.904,0,9809945.904,,,,
216,MILTON,,,,,,,,,,,,,,,11148914.66,13560406.99,0,13560406.99,,,,
217,MONROE,,,,,,,,,,,,,,,1258082.885,1530204.192,0,1530204.192,,,,
218,NEW BRAINTREE,,,,,,,,,,,,,,,3939887.548,4792078.896,0,4792078.896,,,,
219,NEW MARLBOROUGH,,,,,,,,,,,,,,,5737423.662,6978419.184,0,6978419.184,,,,
220,MONTGOMERY,,,,,,,,,,,,,,,2301728.812,2799589.056,0,2799589.056,,,,
221,MONTEREY,,,,,,,,,,,,,,,3158210.364,3841326.192,0,3841326.192,,,,
222,NEWTON,,,,,,,,,,,,,,,32142340.2,39080007.65,402014.976,39482022.62,,,,
223,NANTUCKET,,,,,,,,,,,,,,,8300900.013,10093578.53,76538.88,10170117.41,,,,
224,NEWBURYPORT,,,,,,,,,,,,,,,7199609.66,8756873.664,0,8756873.664,,,,
225,NAHANT,,,,,,,,,,,,,,,1653581.15,2011248.096,0,2011248.096,,,,
226,NEW SALEM,,,,,,,,,,,,,,,2547895.734,3099001.488,0,3099001.488,,,,
227,NEWBURY,,,,,,,,,,,,,,,4711677.58,5730805.872,0,5730805.872,,,,
228,MOUNT WASHINGTON,,,,,,,,,,,,,,,1247350.098,1517149.92,0,1517149.92,,,,
229,MIDDLETON,,,,,,,,,,,,,,,4536135.212,5517120.576,4752,5521872.576,,,,
230,MILFORD,,,,,,,,,,,,,,,12438989.71,15129523.2,0,15129523.2,,,,
231,OAK BLUFFS,,,,,,,,,,,,,,,2820354.599,3430392.768,0,3430392.768,,,,
232,ORANGE,,,,,,,,,,,,,,,7255840.02,8825266.56,0,8825266.56,,,,
233,MIDDLEBOROUGH,,,,,,,,,,,,,,,13702481.53,16666306.27,0,16666306.27,,,,
234,MIDDLEFIELD,,,,,,,,,,,,,,,2755466.469,3351469.44,0,3351469.44,,,,
235,NORWOOD,,,,,,,,,,,,,,,13149265.9,15993430.99,0,15993430.99,,,,
236,MILLBURY,,,,,,,,,,,,,,,6622782.247,8055279.408,0,8055279.408,,,,
237,MILLIS,,,,,,,,,,,,,,,4805905.063,5845414.608,0,5845414.608,,,,
238,MILLVILLE,,,,,,,,,,,,,,,1658577.687,2017325.376,0,2017325.376,,,,
239,OXFORD,,,,,,,,,,,,,,,8006754.424,9738602.544,0,9738602.544,,,,
240,OTIS,,,,,,,,,,,,,,,2826883.089,3438333.36,0,3438333.36,,,,
241,WARE,,,,,,,,,,,,,,,6920186.464,8417011.68,0,8417011.68,,,,
242,PALMER,,,,,,,,,,,,,,,9131656.806,11106819.5,0,11106819.5,,,,
243,NEW ASHFORD,,,,,,,,,,,,,,,689153.1384,837568.512,17740.8,855309.312,,,,
244,PEABODY,,,,,,,,,,,,,,,20915066.73,25435447.49,96318.816,25531766.3,,,,
245,NORTHAMPTON,,,,,,,,,,,,,,,14620840.13,17782946.02,9820.8,17792766.82,,,,
246,NORTHBRIDGE,,,,,,,,,,,,,,,8475828.455,10308482.45,17925.6,10326408.05,,,,
247,NORTHFIELD,,,,,,,,,,,,,,,4773609.462,5806133.52,0,5806133.52,,,,
248,SHREWSBURY,,,,,,,,,,,,,,,16592507.22,20181439.87,0,20181439.87,,,,
249,PEPPERELL,,,,,,,,,,,,,,,7167650.055,8718001.248,0,8718001.248,,,,
250,PETERSHAM,,,,,,,,,,,,,,,4115290.743,5005421.52,0,5005421.52,,,,
251,NORTH READING,,,,,,,,,,,,,,,8693596.814,10574007.84,0,10574007.84,,,,
252,PHILLIPSTON,,,,,,,,,,,,,,,3316805.486,4034225.184,0,4034225.184,,,,
253,PEMBROKE,,,,,,,,,,,,,,,8689979.426,10569608.02,0,10569608.02,,,,
254,PITTSFIELD,,,,,,,,,,,,,,,21584487.7,26241208.22,328030.56,26569238.78,,,,
255,WESTBOROUGH,,,,,,,,,,,,,,,9730441.199,11835120,0,11835120,,,,
256,PELHAM,,,,,,,,,,,,,,,1733938.141,2108986.176,0,2108986.176,,,,
257,NORTH ADAMS,,,,,,,,,,,,,,,6838227.497,8313701.616,99304.128,8413005.744,,,,
258,REHOBOTH,,,,,,,,,,,,,,,11697773.19,14227982.74,0,14227982.74,,,,
259,NORFOLK,,,,,,,,,,,,,,,6745385.806,8204401.92,0,8204401.92,,,,
260,READING,,,,,,,,,,,,,,,9785311.511,11901858.67,0,11901858.67,,,,
261,NORTH ATTLEBOROUGH,,,,,,,,,,,,,,,10931021.37,13284131.52,308373.12,13592504.64,,,,
262,RAYNHAM,,,,,,,,,,,,,,,7557564.874,9192254.016,0,9192254.016,,,,
263,ROCKLAND,,,,,,,,,,,,,,,5613236.058,6827370,0,6827370,,,,
264,RANDOLPH,,,,,,,,,,,,,,,11682711.95,14209663.78,0,14209663.78,,,,
265,NORTH BROOKFIELD,,,,,,,,,,,,,,,5551701.381,6752525.472,0,6752525.472,,,,
266,PERU,,,,,,,,,,,,,,,2672433.226,3250476.24,0,3250476.24,,,,
267,OAKHAM,,,,,,,,,,,,,,,3364385.021,4092096.096,0,4092096.096,,,,
268,RUSSELL,,,,,,,,,,,,,,,2045246.276,2487629.76,0,2487629.76,,,,
269,RUTLAND,,,,,,,,,,,,,,,6560002.56,7978920.576,0,7978920.576,,,,
270,SALEM,,,,,,,,,,,,,,,11698584.09,14228969.04,0,14228969.04,,,,
271,PROVINCETOWN,,,,,,,,,,,,,,,2064185.799,2510665.872,0,2510665.872,,,,
272,ROYALSTON,,,,,,,,,,,,,,,4839139.197,5885837.232,0,5885837.232,,,,
273,PRINCETON,,,,,,,,,,,,,,,5967876.454,7258718.544,0,7258718.544,,,,
274,PLYMPTON,,,,,,,,,,,,,,,3089296.787,3757506.72,0,3757506.72,,,,
275,SANDWICH,,,,,,,,,,,,,,,13316853.92,16197268.03,0,16197268.03,,,,
276,ROCKPORT,,,,,,,,,,,,,,,2944642.916,3581564.448,0,3581564.448,,,,
277,ROWLEY,,,,,,,,,,,,,,,3734219.057,4541924.64,0,4541924.64,,,,
278,PLAINFIELD,,,,,,,,,,,,,,,3540032.182,4305735.456,0,4305735.456,,,,
279,SOUTHWICK,,,,,,,,,,,,,,,6525948.838,7937501.088,0,7937501.088,,,,
280,SPENCER,,,,,,,,,,,,,,,7775590.136,9457437.792,0,9457437.792,,,,
281,SOUTHBOROUGH,,,,,,,,,,,,,,,6740825.543,8198855.28,0,8198855.28,,,,
282,SOUTHBRIDGE,,,,,,,,,,,,,,,7870401.055,9572756.16,0,9572756.16,,,,
283,Springfield,Underfunded,10,"589,970,000",WE DON'T KNOW,n/a,0,underfunded,40,underfunded,30,underfunded,80,"$1,347,929 "," $56,309,109.02 "," $57,657,038.02 ","70,128,162.72",0,"70,128,162.72","154,074","$35,742 ",https://www.springfield-ma.gov/finance/fileadmin/comptroller/Comprehensive_Annual_Financial_Report/Springfield_FY2017_CAFR.pdf,https://www.springfield-ma.gov/finance/fileadmin/budget/2017/Final_FY17_Adopted_6.30.16.pdf
284,SOUTHAMPTON,,,,,,,,,,,,,,,6422110.726,7811202.96,0,7811202.96,154074,"$35,742 ",https://www.springfield-ma.gov/finance/fileadmin/comptroller/Comprehensive_Annual_Financial_Report/Springfield_FY2017_CAFR.pdf,https://www.springfield-ma.gov/finance/fileadmin/budget/2017/Final_FY17_Adopted_6.30.16.pdf
285,SHUTESBURY,,,,,,,,,,,,,,,2305573.671,2804265.552,0,2804265.552,,,,
286,SOMERSET,,,,,,,,,,,,,,,9283811.127,11291884.56,0,11291884.56,,,,
287,SHELBURNE,,,,,,,,,,,,,,,3794653.279,4615430.688,0,4615430.688,,,,
288,SHERBORN,,,,,,,,,,,,,,,5139737.552,6251454.528,0,6251454.528,,,,
289,SHIRLEY,,,,,,,,,,,,,,,4172915.011,5075509.824,0,5075509.824,,,,
290,SHEFFIELD,,,,,,,,,,,,,,,6319992.535,7686996.768,0,7686996.768,,,,
291,STERLING,,,,,,,,,,,,,,,7053066.567,8578633.536,0,8578633.536,,,,
292,SHARON,,,,,,,,,,,,,,,11315928.36,13763545.49,0,13763545.49,,,,
293,STOCKBRIDGE,,,,,,,,,,,,,,,3532939.791,4297108.992,0,4297108.992,,,,
294,SAUGUS,,,,,,,,,,,,,,,9685620.829,11780605.06,0,11780605.06,,,,
295,SAVOY,,,,,,,,,,,,,,,3154528.728,3836848.224,0,3836848.224,,,,
296,SCITUATE,,,,,,,,,,,,,,,10163412.62,12361742.45,0,12361742.45,,,,
297,TOWNSEND,,,,,,,,,,,,,,,7313182.554,8895012.192,0,8895012.192,,,,
298,SEEKONK,,,,,,,,,,,,,,,10872109.11,13223728.85,0,13223728.85,,,,
299,UPTON,,,,,,,,,,,,,,,5694311.926,6925982.448,0,6925982.448,,,,
300,UXBRIDGE,,,,,,,,,,,,,,,9522270.29,11581644.62,7603.2,11589247.82,,,,
301,TYNGSBOROUGH,,,,,,,,,,,,,,,6933046.361,8432653.152,0,8432653.152,,,,
302,TYRINGHAM,,,,,,,,,,,,,,,1806124.862,2196786.768,0,2196786.768,,,,
303,TISBURY,,,,,,,,,,,,,,,1709869.679,2079711.744,0,2079711.744,,,,
304,TOPSFIELD,,,,,,,,,,,,,,,4763704.077,5794085.616,0,5794085.616,,,,
305,WAKEFIELD,,,,,,,,,,,,,,,9855333.355,11987026.13,0,11987026.13,,,,
306,WEST BOYLSTON,,,,,,,,,,,,,,,4984566.208,6062719.872,0,6062719.872,,,,
307,TEMPLETON,,,,,,,,,,,,,,,6362502.604,7738701.696,0,7738701.696,,,,
308,TAUNTON,,,,,,,,,,,,,,,21334944.34,25948849.34,22176,25971025.34,,,,
309,WALTHAM,,,,,,,,,,,,,,,13819738.23,16808925.41,0,16808925.41,,,,
310,SWAMPSCOTT,,,,,,,,,,,,,,,4857875.126,5908625.712,0,5908625.712,,,,
311,SUTTON,,,,,,,,,,,,,,,7167403.918,8717701.872,0,8717701.872,,,,
312,SWANSEA,,,,,,,,,,,,,,,10017599.26,12184389.89,0,12184389.89,,,,
313,STURBRIDGE,,,,,,,,,,,,,,,6528706.7,7940855.472,0,7940855.472,,,,
314,WALES,,,,,,,,,,,,,,,1741333.537,2117981.184,0,2117981.184,,,,
315,SUDBURY,,,,,,,,,,,,,,,12646098.56,15381429.36,0,15381429.36,,,,
316,STONEHAM,,,,,,,,,,,,,,,7733604.465,9406370.688,0,9406370.688,,,,
317,WESTFORD,,,,,,,,,,,,,,,15456924.57,18800232.53,0,18800232.53,,,,
318,WEST SPRINGFIELD,,,,,,,,,,,,,,,14059569.4,17100631.68,0,17100631.68,,,,
319,WEST STOCKBRIDGE,,,,,,,,,,,,,,,2806666.431,3413743.872,0,3413743.872,,,,
320,SUNDERLAND,,,,,,,,,,,,,,,2901533.784,3529130.88,0,3529130.88,,,,
321,STOUGHTON,,,,,,,,,,,,,,,12122658.99,14744770.66,0,14744770.66,,,,
322,TOLLAND,,,,,,,,,,,,,,,3091182.101,3759799.824,0,3759799.824,,,,
323,WEST NEWBURY,,,,,,,,,,,,,,,3587606.942,4363600.56,0,4363600.56,,,,
324,WESTWOOD,,,,,,,,,,,,,,,8452590.955,10280872.8,0,10280872.8,,,,
325,WEST BROOKFIELD,,,,,,,,,,,,,,,4050227.669,4926285.408,0,4926285.408,,,,
326,WESTMINSTER,,,,,,,,,,,,,,,6995058.986,8508079.008,0,8508079.008,,,,
327,WESTHAMPTON,,,,,,,,,,,,,,,3580315.731,4354732.272,0,4354732.272,,,,
328,WELLFLEET,,,,,,,,,,,,,,,3957409.722,4813391.088,0,4813391.088,,,,
329,WEST BRIDGEWATER,,,,,,,,,,,,,,,4960727.387,6033724.752,0,6033724.752,,,,
330,WATERTOWN,,,,,,,,,,,,,,,8493913.736,10330732.9,10982.4,10341715.3,,,,
331,WAYLAND,,,,,,,,,,,,,,,8207991.148,9983366.448,0,9983366.448,,,,
332,WRENTHAM,,,,,,,,,,,,,,,6854124.083,8336660.112,0,8336660.112,,,,
333,WESTON,,,,,,,,,,,,,,,8316369.119,10115186.4,0,10115186.4,,,,
334,WORCESTER,,,,,,,,,,,,,,,58016199.39,70564880.5,3552.384,70568432.88,,,,
335,WENDELL,,,,,,,,,,,,,,,3297312.479,4010515.872,0,4010515.872,,,,
336,WENHAM,,,,,,,,,,,,,,,2884922.36,3508926.432,0,3508926.432,,,,
337,WARREN,,,,,,,,,,,,,,,4690356.128,5704872.624,0,5704872.624,,,,
338,WASHINGTON,,,,,,,,,,,,,,,2739347.753,3331864.272,0,3331864.272,,,,
339,WORTHINGTON,,,,,,,,,,,,,,,3890689.239,4732239.072,0,4732239.072,,,,
340,WINCHESTER,,,,,,,,,,,,,,,8303112.451,10099062.34,0,10099062.34,,,,
341,WINDSOR,,,,,,,,,,,,,,,3776368.385,4593190.8,0,4593190.8,,,,
342,WINTHROP,,,,,,,,,,,,,,,3884823.192,4725104.208,0,4725104.208,,,,
343,WOBURN,,,,,,,,,,,,,,,13841085.33,16834869.74,551.232,16835420.98,,,,
344,WINCHENDON,,,,,,,,,,,,,,,7022914.138,8541959.184,0,8541959.184,,,,
345,WILBRAHAM,,,,,,,,,,,,,,,10189029.97,12392900.78,0,12392900.78,,,,
346,WILMINGTON,,,,,,,,,,,,,,,10452981.7,12713944.85,0,12713944.85,,,,
347,WHITMAN,,,,,,,,,,,,,,,5445757.432,6623666.016,0,6623666.016,,,,
348,WILLIAMSBURG,,,,,,,,,,,,,,,2975470.811,3619060.368,0,3619060.368,,,,
349,WILLIAMSTOWN,,,,,,,,,,,,,,,4491822.57,5463396.576,0,5463396.576,,,,
350,WHATELY,,,,,,,,,,,,,,,2462350.331,2994952.752,0,2994952.752,,,,
